{
  "shortName": "c0.0.11a",
  "fullName": "Classic 0.0.11a",
  "releaseDate": "May 17, 2009",
  "remakeUpdateDate": "",
  "mainImage": "Classic_0.0.11a_Human.jpg",
  "downloadMethod": "TMRP",
  "downloadLink": "https://github.com/nasko222/the-minecraft-recreation-project/raw/refs/heads/classic/c0.0.11a.jar",
  "versionTags": ["tmrp", "wip"],
  "previousVersion": "",
  "nextVersion": "c0.0.12a",
  "versionDescription":
          "This is a description <br> Thats how you make a new line <br><br> Thats how you make 2 new lines",
  "additions": [

  ],
  "changes": [

  ],
  "fixes": [
    "Fixed an issue with start and destroy functions making the game unplayable.",
    "<irc> Fixed an issue with start and destroy functions making the game unplayable.",
    "<notch> Fixed an issue with start and destroy functions making the game unplayable.",
    "<code> Fixed an issue with start and destroy functions making the game unplayable.",
    "<social> Fixed an issue with start and destroy functions making the game unplayable.",
    "<spec> Fixed an issue with start and destroy functions making the game unplayable.",
    "<recreation> Fixed an issue with start and destroy functions making the game unplayable.",
    "<artificial> Fixed an issue with start and destroy functions making the game unplayable."
  ],
  "bugs": [

  ],
  "media": [
    ["Some screenshot", "Classic_0.0.11a_Human.jpg"],
    ["<ogscreenshot> Tagged screenshot", "Classic_0.0.11a_Human.jpg"],
    ["<remakescreenshot> Tagged screenshot", "Classic_0.0.11a_Human.jpg"]
  ],
  "videos": [
    "Fixed an issue with start and destroy functions making the game unplayable.",
    "<irc> Fixed an issue with start and destroy functions making the game unplayable.",
    "<notch> Fixed an issue with start and destroy functions making the game unplayable.",
    "<code> Fixed an issue with start and destroy functions making the game unplayable.",
    "<social> Fixed an issue with start and destroy functions making the game unplayable.",
    "<spec> Fixed an issue with start and destroy functions making the game unplayable.",
    "<recreation> Fixed an issue with start and destroy functions making the game unplayable.",
    "<artificial> Fixed an issue with start and destroy functions making the game unplayable."
  ],
  "trivia": [

  ]
}